driver_id,permanent_number,code,given_name,family_name,date_of_birth,nationality
albon,23,ALB,Alexander,Albon,1996-03-23,Thai
alonso,14,ALO,Fernando,Alonso,1981-07-29,Spanish
bottas,77,BOT,Valtteri,Bottas,1989-08-28,Finnish
gasly,10,GAS,Pierre,Gasly,1996-02-07,French
hamilton,44,HAM,Lewis,Hamilton,1985-01-07,British
hulkenberg,27,HUL,Nico,Hülkenberg,1987-08-19,German
lawson,30,LAW,Liam,Lawson,2002-02-11,New Zealander
leclerc,16,LEC,Charles,Leclerc,1997-10-16,Monegasque
kevin_magnussen,20,MAG,Kevin,Magnussen,1992-10-05,Danish
norris,1,NOR,Lando,Norris,1999-11-13,British
ocon,31,OCO,Esteban,Ocon,1996-09-17,French
piastri,81,PIA,Oscar,Piastri,2001-04-06,Australian
perez,11,PER,Sergio,Pérez,1990-01-26,Mexican
ricciardo,3,RIC,Daniel,Ricciardo,1989-07-01,Australian
russell,63,RUS,George,Russell,1998-02-15,British
sainz,55,SAI,Carlos,Sainz,1994-09-01,Spanish
sargeant,2,SAR,Logan,Sargeant,2000-12-31,American
stroll,18,STR,Lance,Stroll,1998-10-29,Canadian
tsunoda,22,TSU,Yuki,Tsunoda,2000-05-11,Japanese
max_verstappen,3,VER,Max,Verstappen,1997-09-30,Dutch
zhou,24,ZHO,Guanyu,Zhou,1999-05-30,Chinese
de_vries,21,DEV,Nyck,de Vries,1995-02-06,Dutch
barrichello,,BAR,Rubens,Barrichello,1972-05-23,Brazilian
bernoldi,,,Enrique,Bernoldi,1978-10-19,Brazilian
button,22,BUT,Jenson,Button,1980-01-19,British
coulthard,,COU,David,Coulthard,1971-03-27,British
davidson,,DAV,Anthony,Davidson,1979-04-18,British
fisichella,,FIS,Giancarlo,Fisichella,1973-01-14,Italian
frentzen,,,Heinz-Harald,Frentzen,1967-05-18,German
heidfeld,,HEI,Nick,Heidfeld,1977-05-10,German
irvine,,,Eddie,Irvine,1965-11-10,British
massa,19,MAS,Felipe,Massa,1981-04-25,Brazilian
mcnish,,,Allan,McNish,1969-12-29,British
montoya,,MON,Juan,Pablo Montoya,1975-09-20,Colombian
panis,,,Olivier,Panis,1966-09-02,French
raikkonen,7,RAI,Kimi,Räikkönen,1979-10-17,Finnish
salo,,,Mika,Salo,1966-11-30,Finnish
sato,,SAT,Takuma,Sato,1977-01-28,Japanese
michael_schumacher,,MSC,Michael,Schumacher,1969-01-03,German
ralf_schumacher,,SCH,Ralf,Schumacher,1975-06-30,German
trulli,,TRU,Jarno,Trulli,1974-07-13,Italian
villeneuve,,VIL,Jacques,Villeneuve,1971-04-09,Canadian
webber,,WEB,Mark,Webber,1976-08-27,Australian
yoong,,,Alex,Yoong,1976-07-20,Malaysian
rosa,,DLR,Pedro,de la Rosa,1971-02-24,Spanish
baumgartner,,,Zsolt,Baumgartner,1981-01-01,Hungarian
firman,,,Ralph,Firman,1975-05-20,Irish
gene,,,Marc,Gené,1974-03-29,Spanish
kiesa,,,Nicolas,Kiesa,1978-03-03,Danish
pizzonia,,PIZ,Antônio,Pizzonia,1980-09-11,Brazilian
verstappen,,,Jos,Verstappen,1972-03-04,Dutch
wilson,,,Justin,Wilson,1978-07-31,British
matta,,,Cristiano,da Matta,1973-09-19,Brazilian
bruni,,,Gianmaria,Bruni,1981-05-30,Italian
glock,,GLO,Timo,Glock,1982-03-18,German
klien,,KLI,Christian,Klien,1983-02-07,Austrian
pantano,,,Giorgio,Pantano,1979-02-04,Italian
zonta,,ZON,Ricardo,Zonta,1976-03-23,Brazilian
albers,,ALB,Christijan,Albers,1979-04-16,Dutch
doornbos,,DOO,Robert,Doornbos,1981-09-23,Dutch
friesacher,,FRI,Patrick,Friesacher,1980-09-26,Austrian
karthikeyan,,KAR,Narain,Karthikeyan,1977-01-14,Indian
liuzzi,,LIU,Vitantonio,Liuzzi,1980-08-06,Italian
monteiro,,TMO,Tiago,Monteiro,1976-07-24,Portuguese
wurz,,WUR,Alexander,Wurz,1974-02-15,Austrian
ide,,IDE,Yuji,Ide,1975-01-21,Japanese
kubica,88,KUB,Robert,Kubica,1984-12-07,Polish
montagny,,FMO,Franck,Montagny,1978-01-05,French
rosberg,6,ROS,Nico,Rosberg,1985-06-27,German
speed,,SPE,Scott,Speed,1983-01-24,American
yamamoto,,YAM,Sakon,Yamamoto,1982-07-09,Japanese
kovalainen,,KOV,Heikki,Kovalainen,1981-10-19,Finnish
nakajima,,NAK,Kazuki,Nakajima,1985-01-11,Japanese
sutil,99,SUT,Adrian,Sutil,1983-01-11,German
vettel,5,VET,Sebastian,Vettel,1987-07-03,German
markus_winkelhock,,WIN,Markus,Winkelhock,1980-06-13,German
bourdais,,BOU,Sébastien,Bourdais,1979-02-28,French
piquet_jr,,PIQ,Nelson,Piquet Jr.,1985-07-25,Brazilian
alguersuari,,ALG,Jaime,Alguersuari,1990-03-23,Spanish
badoer,,BAD,Luca,Badoer,1971-01-25,Italian
buemi,,BUE,Sébastien,Buemi,1988-10-31,Swiss
grosjean,8,GRO,Romain,Grosjean,1986-04-17,French
kobayashi,10,KOB,Kamui,Kobayashi,1986-09-13,Japanese
chandhok,,CHA,Karun,Chandhok,1984-01-19,Indian
petrov,,PET,Vitaly,Petrov,1984-09-08,Russian
bruno_senna,,SEN,Bruno,Senna,1983-10-15,Brazilian
grassi,,DIG,Lucas,di Grassi,1984-08-11,Brazilian
maldonado,13,MAL,Pastor,Maldonado,1985-03-09,Venezuelan
ambrosio,,DAM,Jérôme,d'Ambrosio,1985-12-27,Belgian
resta,40,DIR,Paul,di Resta,1986-04-16,British
pic,,PIC,Charles,Pic,1990-02-15,French
vergne,25,VER,Jean-Éric,Vergne,1990-04-25,French
jules_bianchi,17,BIA,Jules,Bianchi,1989-08-03,French
chilton,4,CHI,Max,Chilton,1991-04-21,British
gutierrez,21,GUT,Esteban,Gutiérrez,1991-08-05,Mexican
garde,,VDG,Giedo,van der Garde,1985-04-25,Dutch
ericsson,9,ERI,Marcus,Ericsson,1990-09-02,Swedish
kvyat,26,KVY,Daniil,Kvyat,1994-04-26,Russian
lotterer,45,LOT,André,Lotterer,1981-11-19,German
stevens,28,STE,Will,Stevens,1991-06-28,British
merhi,98,MER,Roberto,Merhi,1991-03-22,Spanish
nasr,12,NAS,Felipe,Nasr,1992-08-21,Brazilian
rossi,53,RSS,Alexander,Rossi,1991-09-25,American
haryanto,88,HAR,Rio,Haryanto,1993-01-22,Indonesian
jolyon_palmer,30,PAL,Jolyon,Palmer,1991-01-20,British
vandoorne,2,VAN,Stoffel,Vandoorne,1992-03-26,Belgian
wehrlein,94,WEH,Pascal,Wehrlein,1994-10-18,German
giovinazzi,99,GIO,Antonio,Giovinazzi,1993-12-14,Italian
brendon_hartley,28,HAR,Brendon,Hartley,1989-11-10,New Zealander
sirotkin,35,SIR,Sergey,Sirotkin,1995-08-27,Russian
aitken,89,AIT,Jack,Aitken,1995-09-23,British
pietro_fittipaldi,51,FIT,Pietro,Fittipaldi,1996-06-25,Brazilian
latifi,6,LAT,Nicholas,Latifi,1995-06-29,Canadian
mazepin,9,MAZ,Nikita,Mazepin,1999-03-02,Russian
mick_schumacher,47,MSC,Mick,Schumacher,1999-03-22,German
antonelli,12,ANT,Andrea Kimi,Antonelli,2006-08-25,Italian
bearman,87,BEA,Oliver,Bearman,2005-05-08,British
colapinto,43,COL,Franco,Colapinto,2003-05-27,Argentine
doohan,7,DOO,Jack,Doohan,2003-01-20,Australian
paul_aron,,,Paul,Aron,,
dino_beganovic,,,Dino,Beganovic,,
bortoleto,5,BOR,Gabriel,Bortoleto,2004-10-14,Brazilian
luke_browning,,,Luke,Browning,,
jak_crawford,,,Jak,Crawford,,
felipe_drugovich,,,Felipe,Drugovich,,
alexander_dunne,,,Alexander,Dunne,,
antonio_fuoco,,,Antonio,Fuoco,,
hadjar,6,HAD,Isack,Hadjar,2004-09-28,French
ryo_hirakawa,,,Ryo,Hirakawa,,
ayumu_iwasa,,,Ayumu,Iwasa,,
arthur_leclerc,,,Arthur,Leclerc,,
arvid_lindblad,41,LIN,Arvid,Lindblad,2007-08-08,British
victor_martins,,,Victor,Martins,,
patricio_o_ward,,,Patricio,O'Ward,,
leonardo_fornaroli,,,Leonardo,Fornaroli,,
colton_herta,,,Colton,Herta,,
