session_key,race_id,meeting_key,year,session_name,session_type,circuit_short_name,location,country_name,date_start,date_end
7779,2023_2,1142,2023,Race,Race,Jeddah,Jeddah,Saudi Arabia,2023-03-19T17:00:00+00:00,2023-03-19T19:00:00+00:00
7787,2023_3,1143,2023,Race,Race,Melbourne,Melbourne,Australia,2023-04-02T05:00:00+00:00,2023-04-02T07:00:00+00:00
7953,2023_1,1141,2023,Race,Race,Sakhir,Sakhir,Bahrain,2023-03-05T15:00:00+00:00,2023-03-05T17:00:00+00:00
9069,2023_4,1207,2023,Sprint,Race,Baku,Baku,Azerbaijan,2023-04-29T13:30:00+00:00,2023-04-29T14:00:00+00:00
9070,2023_4,1207,2023,Race,Race,Baku,Baku,Azerbaijan,2023-04-30T11:00:00+00:00,2023-04-30T13:00:00+00:00
9078,2023_5,1208,2023,Race,Race,Miami,Miami,United States,2023-05-07T19:30:00+00:00,2023-05-07T21:30:00+00:00
9094,2023_6,1210,2023,Race,Race,Monte Carlo,Monaco,Monaco,2023-05-28T13:00:00+00:00,2023-05-28T15:00:00+00:00
9102,2023_7,1211,2023,Race,Race,Catalunya,Barcelona,Spain,2023-06-04T13:00:00+00:00,2023-06-04T15:00:00+00:00
9110,2023_8,1212,2023,Race,Race,Montreal,Montréal,Canada,2023-06-18T18:00:00+00:00,2023-06-18T20:00:00+00:00
9117,2023_9,1213,2023,Sprint,Race,Spielberg,Spielberg,Austria,2023-07-01T14:30:00+00:00,2023-07-01T15:00:00+00:00
9118,2023_9,1213,2023,Race,Race,Spielberg,Spielberg,Austria,2023-07-02T13:00:00+00:00,2023-07-02T15:00:00+00:00
9126,2023_10,1214,2023,Race,Race,Silverstone,Silverstone,United Kingdom,2023-07-09T14:00:00+00:00,2023-07-09T16:00:00+00:00
9133,2023_11,1215,2023,Race,Race,Hungaroring,Budapest,Hungary,2023-07-23T13:00:00+00:00,2023-07-23T15:00:00+00:00
9140,2023_12,1216,2023,Sprint,Race,Spa-Francorchamps,Spa-Francorchamps,Belgium,2023-07-29T15:05:00+00:00,2023-07-29T15:35:00+00:00
9141,2023_12,1216,2023,Race,Race,Spa-Francorchamps,Spa-Francorchamps,Belgium,2023-07-30T13:00:00+00:00,2023-07-30T15:00:00+00:00
9149,2023_13,1217,2023,Race,Race,Zandvoort,Zandvoort,Netherlands,2023-08-27T13:00:00+00:00,2023-08-27T15:00:00+00:00
9157,2023_14,1218,2023,Race,Race,Monza,Monza,Italy,2023-09-03T13:00:00+00:00,2023-09-03T15:00:00+00:00
9165,2023_15,1219,2023,Race,Race,Singapore,Marina Bay,Singapore,2023-09-17T12:00:00+00:00,2023-09-17T14:00:00+00:00
9173,2023_16,1220,2023,Race,Race,Suzuka,Suzuka,Japan,2023-09-24T05:00:00+00:00,2023-09-24T07:00:00+00:00
9181,2023_19,1223,2023,Race,Race,Mexico City,Mexico City,Mexico,2023-10-29T20:00:00+00:00,2023-10-29T22:00:00+00:00
9189,2023_21,1225,2023,Race,Race,Las Vegas,Las Vegas,United States,2023-11-19T06:00:00+00:00,2023-11-19T07:59:59+00:00
9197,2023_22,1226,2023,Race,Race,Yas Marina Circuit,Yas Island,United Arab Emirates,2023-11-26T13:00:00+00:00,2023-11-26T15:00:00+00:00
9204,2023_20,1224,2023,Sprint,Race,Interlagos,São Paulo,Brazil,2023-11-04T18:30:00+00:00,2023-11-04T19:00:00+00:00
9205,2023_20,1224,2023,Race,Race,Interlagos,São Paulo,Brazil,2023-11-05T17:00:00+00:00,2023-11-05T19:00:00+00:00
9212,2023_18,1222,2023,Sprint,Race,Austin,Austin,United States,2023-10-21T22:00:00+00:00,2023-10-21T23:00:00+00:00
9213,2023_18,1222,2023,Race,Race,Austin,Austin,United States,2023-10-22T19:00:00+00:00,2023-10-22T21:00:00+00:00
9220,2023_17,1221,2023,Sprint,Race,Lusail,Lusail,Qatar,2023-10-07T17:30:00+00:00,2023-10-07T18:30:00+00:00
9221,2023_17,1221,2023,Race,Race,Lusail,Lusail,Qatar,2023-10-08T17:00:00+00:00,2023-10-08T19:00:00+00:00
9472,2024_1,1229,2024,Race,Race,Sakhir,Sakhir,Bahrain,2024-03-02T15:00:00+00:00,2024-03-02T17:00:00+00:00
9480,2024_2,1230,2024,Race,Race,Jeddah,Jeddah,Saudi Arabia,2024-03-09T17:00:00+00:00,2024-03-09T19:00:00+00:00
9488,2024_3,1231,2024,Race,Race,Melbourne,Melbourne,Australia,2024-03-24T04:00:00+00:00,2024-03-24T06:00:00+00:00
9496,2024_4,1232,2024,Race,Race,Suzuka,Suzuka,Japan,2024-04-07T05:00:00+00:00,2024-04-07T07:00:00+00:00
9506,2024_6,1234,2024,Sprint,Race,Miami,Miami,United States,2024-05-04T16:00:00+00:00,2024-05-04T17:00:00+00:00
9507,2024_6,1234,2024,Race,Race,Miami,Miami,United States,2024-05-05T20:00:00+00:00,2024-05-05T22:00:00+00:00
9515,2024_7,1235,2024,Race,Race,Imola,Imola,Italy,2024-05-19T13:00:00+00:00,2024-05-19T15:00:00+00:00
9523,2024_8,1236,2024,Race,Race,Monte Carlo,Monaco,Monaco,2024-05-26T13:00:00+00:00,2024-05-26T15:00:00+00:00
9531,2024_9,1237,2024,Race,Race,Montreal,Montréal,Canada,2024-06-09T18:00:00+00:00,2024-06-09T20:00:00+00:00
9539,2024_10,1238,2024,Race,Race,Catalunya,Barcelona,Spain,2024-06-23T13:00:00+00:00,2024-06-23T15:00:00+00:00
9549,2024_11,1239,2024,Sprint,Race,Spielberg,Spielberg,Austria,2024-06-29T10:00:00+00:00,2024-06-29T11:00:00+00:00
9550,2024_11,1239,2024,Race,Race,Spielberg,Spielberg,Austria,2024-06-30T13:00:00+00:00,2024-06-30T15:00:00+00:00
9558,2024_12,1240,2024,Race,Race,Silverstone,Silverstone,United Kingdom,2024-07-07T14:00:00+00:00,2024-07-07T16:00:00+00:00
9566,2024_13,1241,2024,Race,Race,Hungaroring,Budapest,Hungary,2024-07-21T13:00:00+00:00,2024-07-21T15:00:00+00:00
9574,2024_14,1242,2024,Race,Race,Spa-Francorchamps,Spa-Francorchamps,Belgium,2024-07-28T13:00:00+00:00,2024-07-28T15:00:00+00:00
9582,2024_15,1243,2024,Race,Race,Zandvoort,Zandvoort,Netherlands,2024-08-25T13:00:00+00:00,2024-08-25T15:00:00+00:00
9590,2024_16,1244,2024,Race,Race,Monza,Monza,Italy,2024-09-01T13:00:00+00:00,2024-09-01T15:00:00+00:00
9598,2024_17,1245,2024,Race,Race,Baku,Baku,Azerbaijan,2024-09-15T11:00:00+00:00,2024-09-15T13:00:00+00:00
9606,2024_18,1246,2024,Race,Race,Singapore,Marina Bay,Singapore,2024-09-22T12:00:00+00:00,2024-09-22T14:00:00+00:00
9616,2024_19,1247,2024,Sprint,Race,Austin,Austin,United States,2024-10-19T18:00:00+00:00,2024-10-19T19:00:00+00:00
9617,2024_19,1247,2024,Race,Race,Austin,Austin,United States,2024-10-20T19:00:00+00:00,2024-10-20T21:00:00+00:00
9625,2024_20,1248,2024,Race,Race,Mexico City,Mexico City,Mexico,2024-10-27T20:00:00+00:00,2024-10-27T22:00:00+00:00
9635,2024_21,1249,2024,Sprint,Race,Interlagos,São Paulo,Brazil,2024-11-02T14:00:00+00:00,2024-11-02T15:00:00+00:00
9636,2024_21,1249,2024,Race,Race,Interlagos,São Paulo,Brazil,2024-11-03T15:30:00+00:00,2024-11-03T17:30:00+00:00
9644,2024_22,1250,2024,Race,Race,Las Vegas,Las Vegas,United States,2024-11-24T06:00:00+00:00,2024-11-24T07:59:59+00:00
9654,2024_23,1251,2024,Sprint,Race,Lusail,Lusail,Qatar,2024-11-30T14:00:00+00:00,2024-11-30T15:00:00+00:00
9655,2024_23,1251,2024,Race,Race,Lusail,Lusail,Qatar,2024-12-01T16:00:00+00:00,2024-12-01T18:00:00+00:00
9662,2024_24,1252,2024,Race,Race,Yas Marina Circuit,Yas Island,United Arab Emirates,2024-12-08T13:00:00+00:00,2024-12-08T15:00:00+00:00
9672,2024_5,1233,2024,Sprint,Race,Shanghai,Shanghai,China,2024-04-20T03:00:00+00:00,2024-04-20T04:00:00+00:00
9673,2024_5,1233,2024,Race,Race,Shanghai,Shanghai,China,2024-04-21T07:00:00+00:00,2024-04-21T09:00:00+00:00
9693,2025_1,1254,2025,Race,Race,Melbourne,Melbourne,Australia,2025-03-16T04:00:00+00:00,2025-03-16T06:00:00+00:00
9839,2025_24,1276,2025,Race,Race,Yas Marina Circuit,Yas Island,United Arab Emirates,2025-12-07T13:00:00+00:00,2025-12-07T15:00:00+00:00
9845,2025_23,1275,2025,Sprint,Race,Lusail,Lusail,Qatar,2025-11-29T14:00:00+00:00,2025-11-29T15:00:00+00:00
9850,2025_23,1275,2025,Race,Race,Lusail,Lusail,Qatar,2025-11-30T16:00:00+00:00,2025-11-30T18:00:00+00:00
9858,2025_22,1274,2025,Race,Race,Las Vegas,Las Vegas,United States,2025-11-23T04:00:00+00:00,2025-11-23T06:00:00+00:00
9864,2025_21,1273,2025,Sprint,Race,Interlagos,São Paulo,Brazil,2025-11-08T14:00:00+00:00,2025-11-08T15:00:00+00:00
9869,2025_21,1273,2025,Race,Race,Interlagos,São Paulo,Brazil,2025-11-09T17:00:00+00:00,2025-11-09T19:00:00+00:00
9877,2025_20,1272,2025,Race,Race,Mexico City,Mexico City,Mexico,2025-10-26T20:00:00+00:00,2025-10-26T22:00:00+00:00
9883,2025_19,1271,2025,Sprint,Race,Austin,Austin,United States,2025-10-18T17:00:00+00:00,2025-10-18T17:30:00+00:00
9888,2025_19,1271,2025,Race,Race,Austin,Austin,United States,2025-10-19T19:00:00+00:00,2025-10-19T21:00:00+00:00
9896,2025_18,1270,2025,Race,Race,Singapore,Marina Bay,Singapore,2025-10-05T12:00:00+00:00,2025-10-05T14:00:00+00:00
9904,2025_17,1269,2025,Race,Race,Baku,Baku,Azerbaijan,2025-09-21T11:00:00+00:00,2025-09-21T13:00:00+00:00
9912,2025_16,1268,2025,Race,Race,Monza,Monza,Italy,2025-09-07T13:00:00+00:00,2025-09-07T15:00:00+00:00
9920,2025_15,1267,2025,Race,Race,Zandvoort,Zandvoort,Netherlands,2025-08-31T13:00:00+00:00,2025-08-31T15:00:00+00:00
9928,2025_14,1266,2025,Race,Race,Hungaroring,Budapest,Hungary,2025-08-03T13:00:00+00:00,2025-08-03T15:00:00+00:00
9934,2025_13,1265,2025,Sprint,Race,Spa-Francorchamps,Spa-Francorchamps,Belgium,2025-07-26T10:00:00+00:00,2025-07-26T10:30:00+00:00
9939,2025_13,1265,2025,Race,Race,Spa-Francorchamps,Spa-Francorchamps,Belgium,2025-07-27T13:00:00+00:00,2025-07-27T15:00:00+00:00
9947,2025_12,1277,2025,Race,Race,Silverstone,Silverstone,United Kingdom,2025-07-06T14:00:00+00:00,2025-07-06T16:00:00+00:00
9955,2025_11,1264,2025,Race,Race,Spielberg,Spielberg,Austria,2025-06-29T13:00:00+00:00,2025-06-29T15:00:00+00:00
9963,2025_10,1263,2025,Race,Race,Montreal,Montréal,Canada,2025-06-15T18:00:00+00:00,2025-06-15T20:00:00+00:00
9971,2025_9,1262,2025,Race,Race,Catalunya,Barcelona,Spain,2025-06-01T13:00:00+00:00,2025-06-01T15:00:00+00:00
9979,2025_8,1261,2025,Race,Race,Monte Carlo,Monaco,Monaco,2025-05-25T13:00:00+00:00,2025-05-25T15:00:00+00:00
9987,2025_7,1260,2025,Race,Race,Imola,Imola,Italy,2025-05-18T13:00:00+00:00,2025-05-18T15:00:00+00:00
9993,2025_2,1255,2025,Sprint,Race,Shanghai,Shanghai,China,2025-03-22T03:00:00+00:00,2025-03-22T04:00:00+00:00
9998,2025_2,1255,2025,Race,Race,Shanghai,Shanghai,China,2025-03-23T07:00:00+00:00,2025-03-23T09:00:00+00:00
10006,2025_3,1256,2025,Race,Race,Suzuka,Suzuka,Japan,2025-04-06T05:00:00+00:00,2025-04-06T07:00:00+00:00
10014,2025_4,1257,2025,Race,Race,Sakhir,Sakhir,Bahrain,2025-04-13T15:00:00+00:00,2025-04-13T17:00:00+00:00
10022,2025_5,1258,2025,Race,Race,Jeddah,Jeddah,Saudi Arabia,2025-04-20T17:00:00+00:00,2025-04-20T19:00:00+00:00
10028,2025_6,1259,2025,Sprint,Race,Miami,Miami Gardens,United States,2025-05-03T16:00:00+00:00,2025-05-03T16:30:00+00:00
10033,2025_6,1259,2025,Race,Race,Miami,Miami Gardens,United States,2025-05-04T20:00:00+00:00,2025-05-04T22:00:00+00:00
11234,2026_1,1279,2026,Race,Race,Melbourne,Melbourne,Australia,2026-03-08T04:00:00+00:00,2026-03-08T06:00:00+00:00
11240,2026_2,1280,2026,Sprint,Race,Shanghai,Shanghai,China,2026-03-14T03:00:00+00:00,2026-03-14T04:00:00+00:00
11245,2026_2,1280,2026,Race,Race,Shanghai,Shanghai,China,2026-03-15T07:00:00+00:00,2026-03-15T09:00:00+00:00
11253,2026_3,1281,2026,Race,Race,Suzuka,Suzuka,Japan,2026-03-29T05:00:00+00:00,2026-03-29T07:00:00+00:00
11275,2026_4,1284,2026,Sprint,Race,Miami,Miami Gardens,United States,2026-05-02T16:00:00+00:00,2026-05-02T17:00:00+00:00
11280,2026_4,1284,2026,Race,Race,Miami,Miami Gardens,United States,2026-05-03T17:00:00+00:00,2026-05-03T19:00:00+00:00
11286,2026_5,1285,2026,Sprint,Race,Montreal,Montréal,Canada,2026-05-23T16:00:00+00:00,2026-05-23T17:00:00+00:00
11291,2026_5,1285,2026,Race,Race,Montreal,Montréal,Canada,2026-05-24T20:00:00+00:00,2026-05-24T22:00:00+00:00
11299,2026_6,1286,2026,Race,Race,Monte Carlo,Monte Carlo,Monaco,2026-06-07T13:00:00+00:00,2026-06-07T15:00:00+00:00
11307,2026_7,1287,2026,Race,Race,Catalunya,Barcelona,Spain,2026-06-14T13:00:00+00:00,2026-06-14T15:00:00+00:00
11315,2026_8,1288,2026,Race,Race,Spielberg,Spielberg,Austria,2026-06-28T13:00:00+00:00,2026-06-28T15:00:00+00:00
11321,2026_9,1289,2026,Sprint,Race,Silverstone,Silverstone,United Kingdom,2026-07-04T11:00:00+00:00,2026-07-04T12:00:00+00:00
11326,2026_9,1289,2026,Race,Race,Silverstone,Silverstone,United Kingdom,2026-07-05T14:00:00+00:00,2026-07-05T16:00:00+00:00
11334,2026_10,1290,2026,Race,Race,Spa-Francorchamps,Spa-Francorchamps,Belgium,2026-07-19T13:00:00+00:00,2026-07-19T15:00:00+00:00
11342,2026_11,1291,2026,Race,Race,Hungaroring,Budapest,Hungary,2026-07-26T13:00:00+00:00,2026-07-26T15:00:00+00:00
11348,2026_12,1292,2026,Sprint,Race,Zandvoort,Zandvoort,Netherlands,2026-08-22T10:00:00+00:00,2026-08-22T11:00:00+00:00
11353,2026_12,1292,2026,Race,Race,Zandvoort,Zandvoort,Netherlands,2026-08-23T13:00:00+00:00,2026-08-23T15:00:00+00:00
